class,appr_val,owner_name,tax_year,parcel_id
C,100000.0,owner4,2020,1
C,300000.0,owner5,2020,2
C,200000.0,owner4,2020,1
C,100000.0,owner4,2021,1
C,400000.0,owner5,2021,2
C,200000.0,owner4,2021,1
C,100000.0,owner4,2022,1
C,400000.0,owner5,2022,2
C,200000.0,owner4,2022,1
